{"count":1,"self":262.5334016,"total":1103.0106626,"children":{"InitializeActuators":{"count":1,"self":0.00099629999999999988,"total":0.00099629999999999988,"children":null},"InitializeSensors":{"count":1,"self":0.0014992,"total":0.0014992,"children":null},"AgentSendState":{"count":1049151,"self":19.6096224,"total":24.989004599999998,"children":{"CollectObservations":{"count":209831,"self":0.5520513,"total":0.5520513,"children":null},"WriteActionMask":{"count":209831,"self":0.066302699999999992,"total":0.066302699999999992,"children":null},"RequestDecision":{"count":209831,"self":0.48493919999999996,"total":4.7610284,"children":{"AgentInfo.ToProto":{"count":209831,"self":0.5513853,"total":4.2760891999999995,"children":{"GenerateSensorData":{"count":209831,"self":2.4106967999999998,"total":3.7247038999999997,"children":{"RayPerceptionSensor.Perceive":{"count":209831,"self":1.314007,"total":1.314007,"children":null}}}}}}}}},"DecideAction":{"count":1049151,"self":808.1629184,"total":808.1629075,"children":null},"AgentAct":{"count":1049151,"self":7.2888183999999994,"total":7.2888180999999994,"children":null},"AgentInfo.ToProto":{"count":1769,"self":0.0034993,"total":0.0330287,"children":{"GenerateSensorData":{"count":1769,"self":0.0219887,"total":0.029529399999999997,"children":{"RayPerceptionSensor.Perceive":{"count":1769,"self":0.0075407,"total":0.0075407,"children":null}}}}}},"gauges":{"Isometric_dungeon.CumulativeReward":{"count":1769,"max":1.3982,"min":-0.00599999726,"runningAverage":0.486946642,"value":0.296700239,"weightedAverage":0.5160239}},"metadata":{"timer_format_version":"0.1.0","start_time_seconds":"1732587500","unity_version":"2022.3.32f1","command_line_arguments":"C:\\Program Files\\Unity\\Hub\\Editor\\2022.3.32f1\\Editor\\Unity.exe -projectpath C:\\Users\\kjk99\\Desktop\\Unity\\GameMaker\\EnemyRush -useHub -hubIPC -cloudEnvironment production -licensingIpc LicenseClient-kjk99 -hubSessionId 02ce4d26-9756-43a8-9648-06efac4651a5 -accessToken W1Ouh7Z915Nda6qHlWWEle59MYO3Hlo0DBml9hGS34I00df","communication_protocol_version":"1.5.0","com.unity.ml-agents_version":"2.0.1","scene_name":"Forest","end_time_seconds":"1732588603"}}