Episode,Tactual,Tension,EnemyCount
0,"","",""
0,"0.009260654, 3.715535, 1.400064","99.9537, 81.42233, 92.99968","2, 1, 0"
