Episode,Tactual,Tension,EnemyCount
0,,,
0,1.125873, 7.478706, 0.8201408,94.37064, 62.60647, 95.89929,2, 1, 0
1,5.399299, 2.481059,73.00351, 87.5947,3, 2
2,5.419123,72.90439,3
3,3.167992, 1.878738,84.16004, 90.60631,1, 0
4,6.621635, 1.597801,66.89182, 92.01099,2, 1
5,4.587849, 0.8814583, 2.100063,77.06076, 95.59271, 89.49968,2, 1, 0
6,7.698963,61.50518,1
7,4.318848, 1.300064,78.40576, 93.49968,1, 0
8,2.300152, 11.60028,88.49924, 41.9986,1, 0
9,3.200729, 1.999214, 0.5188751,83.99635, 90.00393, 97.40562,2, 1, 0
10,7.522453,62.38773,3
11,3.294937, 3.680908, 2.80127,83.52531, 81.59546, 85.99365,3, 2, 1
12,4.313667, 6.680717,78.43166, 66.59641,1, 0
13,3.500694, 3.218285, 7.181679,82.49653, 83.90858, 64.09161,2, 1, 0
14,4.317993, 0.8804626,78.41003, 95.59769,2, 1
15,6.116196, 1.241791,69.41902, 93.79105,1, 0
16,6.639618, 2.900665,66.80191, 85.49667,2, 0
17,8.918198, 1.281403,55.40901, 93.59299,1, 0
18,5.719025,71.40488,3
19,2.422836, 2.00058, 4.399506,87.88582, 89.9971, 78.00247,2, 1, 0
20,5.200439, 1.480881, 2.200134,73.9978, 92.5956, 88.99933,2, 1, 0
