Episode,Tactual,Tension,EnemyCount
0,0,100,2
0,8.005213,59.97394,1
0,3.759282,81.20359,0
1,9.742049,51.28975,1
1,3.500128,82.49936,0
